ticker,name,provider,asset_class,mer,distribution_yield,risk_rating,currency,tracking_index,inception_date,aum_millions,management_fee,perf_1y,perf_3y,perf_5y,perf_since_inception,sector_1_label,sector_1_weight,sector_2_label,sector_2_weight,sector_3_label,sector_3_weight,holding_1_label,holding_1_weight,holding_2_label,holding_2_weight,holding_3_label,holding_3_weight,holding_4_label,holding_4_weight,holding_5_label,holding_5_weight
VFV,Vanguard S&P 500 Index ETF,Vanguard,Equity,0.25,0.92,Medium,CAD,,,,,,,,,,,,,,,,,,,,,,,,
XIC,iShares Core S&P/TSX Capped Composite Index ETF,iShares,Equity,0.25,2.08,Medium,CAD,,,,,,,,,,,,,,,,,,,,,,,,
XIU,iShares S&P/TSX 60 Index ETF,iShares,Equity,0.25,2.28,Medium,CAD,,,,,,,,,,,,,,,,,,,,,,,,
ZSP,BMO S&P 500 Index ETF,BMO,Equity,0.25,0.82,Medium,CAD,,,,,,,,,,,,,,,,,,,,,,,,
XEF,iShares Core MSCI EAFE IMI Index ETF,iShares,Equity,0.25,2.34,Medium,CAD,,,,,,,,,,,,,,,,,,,,,,,,
VUN,Vanguard U.S. Total Market Index ETF,Vanguard,Equity,0.25,0.84,Medium,CAD,,,,,,,,,,,,,,,,,,,,,,,,
ZCN,BMO S&P/TSX Capped Composite Index ETF,BMO,Equity,0.25,2.07,Medium,CAD,,,,,,,,,,,,,,,,,,,,,,,,
XEQT,iShares Core Equity ETF Portfolio,iShares,Multi-Asset,0.25,1.58,Medium,CAD,,,,,,,,,,,,,,,,,,,,,,,,
VCN,Vanguard FTSE Canada All Cap Index ETF,Vanguard,Equity,0.25,2.13,Medium,CAD,,,,,,,,,,,,,,,,,,,,,,,,
XSP,iShares Core S&P 500 Index ETF (CAD-Hedged),iShares,Equity,0.25,1.24,Medium,CAD,,,,,,,,,,,,,,,,,,,,,,,,
ZAG,BMO Aggregate Bond Index ETF,BMO,Fixed Income,0.25,3.44,Medium,CAD,,,,,,,,,,,,,,,,,,,,,,,,
ZEA,BMO MSCI EAFE Index ETF,BMO,Equity,0.25,2.08,Medium,CAD,,,,,,,,,,,,,,,,,,,,,,,,
VEQT,Vanguard All-Equity ETF Portfolio,Vanguard,Multi-Asset,0.25,1.37,Medium,CAD,,,,,,,,,,,,,,,,,,,,,,,,
XUS,iShares Core S&P 500 Index ETF,iShares,Equity,0.25,1.27,Medium,CAD,,,,,,,,,,,,,,,,,,,,,,,,
XBB,iShares Core Canadian Universe Bond Index ETF,iShares,Fixed Income,0.25,3.38,Medium,CAD,,,,,,,,,,,,,,,,,,,,,,,,
VIU,Vanguard FTSE Developed All Cap Ex North America Index ETF,Vanguard,Equity,0.25,2.34,Medium,CAD,,,,,,,,,,,,,,,,,,,,,,,,
VGRO,Vanguard Growth ETF Portfolio,Vanguard,Multi-Asset,0.25,1.8,Medium,CAD,,,,,,,,,,,,,,,,,,,,,,,,
FBAL,Fidelity All-In-One Balanced ETF,Fidelity,Multi-Asset,0.25,1.56,Medium,CAD,,,,,,,,,,,,,,,,,,,,,,,,
VAB,Vanguard Canadian Aggregate Bond Index ETF,Vanguard,Fixed Income,0.25,3.28,Medium,CAD,,,,,,,,,,,,,,,,,,,,,,,,
CASH,Global X High Interest Savings ETF,Global X,Fixed Income,0.25,2.38,Medium,CAD,,,,,,,,,,,,,,,,,,,,,,,,
VDY,Vanguard FTSE Canadian High Dividend Yield Index ETF,Vanguard,Equity,0.25,3.56,Medium,CAD,,,,,,,,,,,,,,,,,,,,,,,,
ZLB,BMO Low Volatility Canadian Equity Fund,BMO,Equity,0.25,1.86,Medium,CAD,,,,,,,,,,,,,,,,,,,,,,,,
HXS,Global X S&P 500 Index Corporate Class ETF,Global X,Equity,0.25,0.0,Medium,CAD,,,,,,,,,,,,,,,,,,,,,,,,
HXS.U,Global X S&P 500 Index Corporate Class ETF,Global X,Equity,0.25,0.0,Medium,CAD,,,,,,,,,,,,,,,,,,,,,,,,
FEQT,Fidelity All-in-One Equity ETF,Fidelity,Multi-Asset,0.25,0.0,Medium,CAD,,,,,,,,,,,,,,,,,,,,,,,,
ZMMK,BMO Mutual Funds - BMO Money Market Fund,BMO,Fixed Income,0.25,2.81,Medium,CAD,,,,,,,,,,,,,,,,,,,,,,,,
TTP,TD Canadian Equity Index ETF,TD,Equity,0.25,1.93,Medium,CAD,,,,,,,,,,,,,,,,,,,,,,,,
VSP,Vanguard S&P 500 Index ETF (CAD-hedged),Vanguard,Equity,0.25,0.93,Medium,CAD,,,,,,,,,,,,,,,,,,,,,,,,
XSEM,iShares ESG Aware MSCI Emerging Markets Index ETF,iShares,Equity,0.25,1.73,Medium,CAD,,,,,,,,,,,,,,,,,,,,,,,,
QUU,Mackenzie US Large Cap Equity Index ETF,Mackenzie,Equity,0.25,0.97,Medium,CAD,,,,,,,,,,,,,,,,,,,,,,,,
QCN,Mackenzie Canadian Equity Index ETF,Mackenzie,Equity,0.25,2.05,Medium,CAD,,,,,,,,,,,,,,,,,,,,,,,,
XGD,iShares S&P/TSX Global Gold Index ETF,iShares,Equity,0.25,0.5,Medium,CAD,,,,,,,,,,,,,,,,,,,,,,,,
CSAV,CI High Interest Savings ETF,CI,Fixed Income,0.25,2.36,Medium,CAD,,,,,,,,,,,,,,,,,,,,,,,,
VBAL,Vanguard Balanced ETF Portfolio,Vanguard,Multi-Asset,0.25,2.13,Medium,CAD,,,,,,,,,,,,,,,,,,,,,,,,
HXT,Global X S&P/TSX 60 Index Corporate Class ETF,Global X,Equity,0.25,0.0,Medium,CAD,,,,,,,,,,,,,,,,,,,,,,,,
HXT.U,Global X S&P/TSX 60 Index Corporate Class ETF,Global X,Equity,0.25,0.0,Medium,CAD,,,,,,,,,,,,,,,,,,,,,,,,
ZEB,BMO Equal Weight Banks Index ETF,BMO,Equity,0.25,2.83,Medium,CAD,,,,,,,,,,,,,,,,,,,,,,,,
TPU,TD U.S. Equity Index ETF,TD,Equity,0.25,0.97,Medium,CAD,,,,,,,,,,,,,,,,,,,,,,,,
TPE,TD International Equity Index ETF,TD,Equity,0.25,2.2,Medium,CAD,,,,,,,,,,,,,,,,,,,,,,,,
PMIF,PIMCO Monthly Income Fund (Canada),PIMCO,Equity,0.25,5.35,Medium,CAD,,,,,,,,,,,,,,,,,,,,,,,,
XQQ,iShares NASDAQ 100 Index ETF (CAD-Hedged),iShares,Equity,0.25,0.26,Medium,CAD,,,,,,,,,,,,,,,,,,,,,,,,
XGRO,iShares Core Growth ETF Portfolio,iShares,Multi-Asset,0.25,1.83,Medium,CAD,,,,,,,,,,,,,,,,,,,,,,,,
XDIV,iShares Core MSCI Canadian Quality Dividend Index ETF,iShares,Equity,0.25,3.66,Medium,CAD,,,,,,,,,,,,,,,,,,,,,,,,
ZUE,BMO S&P 500 Hedged to CAD Index ETF,BMO,Equity,0.25,0.87,Medium,CAD,,,,,,,,,,,,,,,,,,,,,,,,
ZCS,BMO Short Corporate Bond Index ETF,BMO,Fixed Income,0.25,3.72,Medium,CAD,,,,,,,,,,,,,,,,,,,,,,,,
XUU,iShares Core S&P U.S. Total Market Index ETF,iShares,Equity,0.25,1.17,Medium,CAD,,,,,,,,,,,,,,,,,,,,,,,,
ZWB,BMO Covered Call Canadian Banks Fund,BMO,Equity,0.25,5.26,Medium,CAD,,,,,,,,,,,,,,,,,,,,,,,,
FGRO,Fidelity All-in-One Growth ETF,Fidelity,Multi-Asset,0.25,1.19,Medium,CAD,,,,,,,,,,,,,,,,,,,,,,,,
XEC,iShares Core MSCI Emerging Markets IMI Index ETF,iShares,Equity,0.25,1.81,Medium,CAD,,,,,,,,,,,,,,,,,,,,,,,,
XAW,iShares Core MSCI All Country World ex Canada Index ETF,iShares,Equity,0.25,1.31,Medium,CAD,,,,,,,,,,,,,,,,,,,,,,,,
SITU,Scotia U.S. Equity Index Tracker ETF,Scotia,Equity,0.25,0.89,Medium,CAD,,,,,,,,,,,,,,,,,,,,,,,,
ZST,BMO Ultra Short-Term Bond Fund,BMO,Fixed Income,0.25,2.65,Medium,CAD,,,,,,,,,,,,,,,,,,,,,,,,
TEC,TD Global Technology Leaders Index ETF,TD,Equity,0.25,0.14,Medium,CAD,,,,,,,,,,,,,,,,,,,,,,,,
VEE,Vanguard FTSE Emerging Markets All Cap Index ETF,Vanguard,Equity,0.25,2.21,Medium,CAD,,,,,,,,,,,,,,,,,,,,,,,,
XSB,iShares Core Canadian Short Term Bond Index ETF,iShares,Fixed Income,0.25,3.13,Medium,CAD,,,,,,,,,,,,,,,,,,,,,,,,
ZIC,BMO Mid-Term US IG Corporate Bond Index ETF,BMO,Fixed Income,0.25,4.15,Medium,CAD,,,,,,,,,,,,,,,,,,,,,,,,
FCCB,Fidelity Systematic Canadian Bond Index ETF,Fidelity,Fixed Income,0.25,3.5,Medium,CAD,,,,,,,,,,,,,,,,,,,,,,,,
ZMU,BMO Mid-Term US IG Corporate Bond Hedged to CAD Index ETF,BMO,Fixed Income,0.25,4.18,Medium,CAD,,,,,,,,,,,,,,,,,,,,,,,,
HBB,Global X Canadian Select Universe Bond Index Corporate Class ETF,Global X,Fixed Income,0.25,0.0,Medium,CAD,,,,,,,,,,,,,,,,,,,,,,,,
ZSP.U,BMO S&P 500 Index ETF,BMO,Equity,0.25,0.86,Medium,CAD,,,,,,,,,,,,,,,,,,,,,,,,
XEI,iShares S&P/TSX Composite High Dividend Index ETF,iShares,Equity,0.25,3.96,Medium,CAD,,,,,,,,,,,,,,,,,,,,,,,,
XTOT,iShares Core S&P Total U.S. Stock Market Index ETF (CAD-Hedged),iShares,Equity,0.25,0.53,Medium,CAD,,,,,,,,,,,,,,,,,,,,,,,,
TDB,TD Canadian Aggregate Bond Index ETF,TD,Fixed Income,0.25,3.59,Medium,CAD,,,,,,,,,,,,,,,,,,,,,,,,
VCE,Vanguard FTSE Canada Index ETF,Vanguard,Equity,0.25,2.3,Medium,CAD,,,,,,,,,,,,,,,,,,,,,,,,
VXC,Vanguard FTSE Global All Cap ex Canada Index ETF,Vanguard,Equity,0.25,1.35,Medium,CAD,,,,,,,,,,,,,,,,,,,,,,,,
XCB,iShares Core Canadian Corporate Bond Index ETF,iShares,Fixed Income,0.25,4.1,Medium,CAD,,,,,,,,,,,,,,,,,,,,,,,,
PSA,Purpose High Interest Savings Fund,Purpose,Fixed Income,0.25,2.45,Medium,CAD,,,,,,,,,,,,,,,,,,,,,,,,
NUBF,NBI Unconstrained Fixed Income ETF,NBI,Fixed Income,0.25,4.43,Medium,CAD,,,,,,,,,,,,,,,,,,,,,,,,
ZEM,BMO MSCI Emerging Markets Index ETF,BMO,Equity,0.25,2.08,Medium,CAD,,,,,,,,,,,,,,,,,,,,,,,,
CGL,iShares Gold Bullion ETF,iShares,Equity,0.25,0.0,Medium,CAD,,,,,,,,,,,,,,,,,,,,,,,,
DMEU,Desjardins American Equity Index ETF,Desjardins,Equity,0.25,0.87,Medium,CAD,,,,,,,,,,,,,,,,,,,,,,,,
XBAL,iShares Core Balanced ETF Portfolio,iShares,Multi-Asset,0.25,2.19,Medium,CAD,,,,,,,,,,,,,,,,,,,,,,,,
NSCB,NBI Sustainable Canadian Bond ETF,NBI,Fixed Income,0.25,3.15,Medium,CAD,,,,,,,,,,,,,,,,,,,,,,,,
XFH,iShares Core MSCI EAFE IMI Index ETF (CAD-Hedged),iShares,Equity,0.25,2.06,Medium,CAD,,,,,,,,,,,,,,,,,,,,,,,,
CMR,iShares Premium Money Market ETF,iShares,Fixed Income,0.25,2.62,Medium,CAD,,,,,,,,,,,,,,,,,,,,,,,,
ZQQ,BMO Nasdaq 100 Equity Hedged to CAD Index ETF,BMO,Equity,0.25,0.27,Medium,CAD,,,,,,,,,,,,,,,,,,,,,,,,
FCUV,Fidelity U.S. Value ETF,Fidelity,Equity,0.25,1.08,Medium,CAD,,,,,,,,,,,,,,,,,,,,,,,,
SITB,Scotia Canadian Bond Index Tracker ETF,Scotia,Fixed Income,0.25,2.97,Medium,CAD,,,,,,,,,,,,,,,,,,,,,,,,
BGEQ,BMO Mutual Funds - BMO Global Equity Fund,BMO,Equity,0.25,0.81,Medium,CAD,,,,,,,,,,,,,,,,,,,,,,,,
ZCPB,BMO Mutual Funds - BMO Core Plus Bond Fund,BMO,Fixed Income,0.25,2.81,Medium,CAD,,,,,,,,,,,,,,,,,,,,,,,,
TQCD,TD Q Canadian Dividend ETF,TD,Equity,0.25,2.8,Medium,CAD,,,,,,,,,,,,,,,,,,,,,,,,
XSH,iShares Core Canadian Short Term Corporate Bond Index ETF,iShares,Fixed Income,0.25,3.84,Medium,CAD,,,,,,,,,,,,,,,,,,,,,,,,
ZLU,BMO Low Volatility US Equity Fund,BMO,Equity,0.25,1.69,Medium,CAD,,,,,,,,,,,,,,,,,,,,,,,,
VGG,Vanguard U.S. Dividend Appreciation Index ETF,Vanguard,Equity,0.25,1.14,Medium,CAD,,,,,,,,,,,,,,,,,,,,,,,,
XDV,iShares Canadian Select Dividend Index ETF,iShares,Equity,0.25,3.21,Medium,CAD,,,,,,,,,,,,,,,,,,,,,,,,
XSTH,iShares 0-5 Year TIPS Bond Index ETF (CAD-Hedged),iShares,Fixed Income,0.25,4.11,Medium,CAD,,,,,,,,,,,,,,,,,,,,,,,,
CACB,CIBC Active Investment Grade Corporate Bond ETF,CIBC,Fixed Income,0.25,4.39,Medium,CAD,,,,,,,,,,,,,,,,,,,,,,,,
HXCN,Global X S&P/TSX Capped Composite Index Corporate Class ETF,Global X,Equity,0.25,0.0,Medium,CAD,,,,,,,,,,,,,,,,,,,,,,,,
NSCE,NBI Sustainable Canadian Equity ETF,NBI,Equity,0.25,0.85,Medium,CAD,,,,,,,,,,,,,,,,,,,,,,,,
ZWC,BMO Canadian High Dividend Covered Call Fund,BMO,Equity,0.25,5.6,Medium,CAD,,,,,,,,,,,,,,,,,,,,,,,,
ZWU,BMO Covered Call Utilities Fund,BMO,Equity,0.25,6.91,Medium,CAD,,,,,,,,,,,,,,,,,,,,,,,,
HMAX,Hamilton Canadian Financials Yield Maximizer ETF,Hamilton,Equity,0.25,12.4,Medium,CAD,,,,,,,,,,,,,,,,,,,,,,,,
FCUQ,Fidelity U.S. High Quality ETF,Fidelity,Equity,0.25,0.72,Medium,CAD,,,,,,,,,,,,,,,,,,,,,,,,
XGB,iShares Canadian Government Bond Index ETF,iShares,Fixed Income,0.25,3.07,Medium,CAD,,,,,,,,,,,,,,,,,,,,,,,,
XFN,iShares S&P/TSX Capped Financials Index ETF,iShares,Equity,0.25,2.41,Medium,CAD,,,,,,,,,,,,,,,,,,,,,,,,
XEG,iShares S&P/TSX Capped Energy Index ETF,iShares,Equity,0.25,2.9,Medium,CAD,,,,,,,,,,,,,,,,,,,,,,,,
DCU,Desjardins Canadian Universe Bond Index ETF,Desjardins,Fixed Income,0.25,3.05,Medium,CAD,,,,,,,,,,,,,,,,,,,,,,,,
HSAV,Global X Cash Maximizer Corporate Class ETF,Global X,Fixed Income,0.25,0.0,Medium,CAD,,,,,,,,,,,,,,,,,,,,,,,,
ZNQ,BMO Nasdaq 100 Equity Index ETF,BMO,Equity,0.25,0.26,Medium,CAD,,,,,,,,,,,,,,,,,,,,,,,,
FCNS,Fidelity All-in-One Conservative ETF,Fidelity,Multi-Asset,0.25,0.0,Medium,CAD,,,,,,,,,,,,,,,,,,,,,,,,
CBIL,Global X 0-3 Month T-Bill ETF,Global X,Fixed Income,0.25,2.48,Medium,CAD,,,,,,,,,,,,,,,,,,,,,,,,
CBIL.U,Global X 0-3 Month T-Bill ETF,Global X,Fixed Income,0.25,0.0,Medium,CAD,,,,,,,,,,,,,,,,,,,,,,,,
XIN,iShares MSCI EAFE Index ETF (CAD-Hedged),iShares,Equity,0.25,2.75,Medium,CAD,,,,,,,,,,,,,,,,,,,,,,,,
ZGLD,BMO Gold Bullion ETF,BMO,Equity,0.25,0.0,Medium,CAD,,,,,,,,,,,,,,,,,,,,,,,,
ZCB,BMO Corporate Bond Index ETF,BMO,Fixed Income,0.25,3.94,Medium,CAD,,,,,,,,,,,,,,,,,,,,,,,,
FCIV,Fidelity International Value ETF,Fidelity,Equity,0.25,1.87,Medium,CAD,,,,,,,,,,,,,,,,,,,,,,,,
DMEI,Desjardins International Equity Index ETF,Desjardins,Equity,0.25,2.18,Medium,CAD,,,,,,,,,,,,,,,,,,,,,,,,
VBU,Vanguard U.S. Aggregate Bond Index ETF (CAD-hedged),Vanguard,Fixed Income,0.25,0.0,Medium,CAD,,,,,,,,,,,,,,,,,,,,,,,,
ZDM,BMO MSCI EAFE Hedged to CAD Index ETF,BMO,Equity,0.25,2.02,Medium,CAD,,,,,,,,,,,,,,,,,,,,,,,,
FINN,Fidelity Global Innovators ETF,Fidelity,Equity,0.25,0.0,Medium,CAD,,,,,,,,,,,,,,,,,,,,,,,,
VIDY,Vanguard FTSE Developed ex North America High Dividend Yield Index ETF,Vanguard,Equity,0.25,2.61,Medium,CAD,,,,,,,,,,,,,,,,,,,,,,,,
DMEC,Desjardins Canadian Equity Index ETF,Desjardins,Equity,0.25,1.66,Medium,CAD,,,,,,,,,,,,,,,,,,,,,,,,
FCUL,Fidelity U.S. Low Volatility ETF,Fidelity,Equity,0.25,1.18,Medium,CAD,,,,,,,,,,,,,,,,,,,,,,,,
MNY,Purpose Cash Management Fund,Purpose,Fixed Income,0.25,2.74,Medium,CAD,,,,,,,,,,,,,,,,,,,,,,,,
FCMO,Fidelity U.S. Momentum ETF,Fidelity,Equity,0.25,0.36,Medium,CAD,,,,,,,,,,,,,,,,,,,,,,,,
ZJK,BMO High Yield US Corporate Bond Index ETF,BMO,Fixed Income,0.25,6.14,Medium,CAD,,,,,,,,,,,,,,,,,,,,,,,,
HHL,Harvest Healthcare Leaders Income ETF,Harvest,Equity,0.25,9.6,Medium,CAD,,,,,,,,,,,,,,,,,,,,,,,,
ZDV,BMO Canadian Dividend ETF,BMO,Equity,0.25,2.8,Medium,CAD,,,,,,,,,,,,,,,,,,,,,,,,
EQL,Invesco S&P 500 Equal Weight Index ETF,Invesco,Equity,0.25,1.32,Medium,CAD,,,,,,,,,,,,,,,,,,,,,,,,
FCGB,Fidelity Global Core Plus Bond ETF,Fidelity,Fixed Income,0.25,4.36,Medium,CAD,,,,,,,,,,,,,,,,,,,,,,,,
FCIQ,Fidelity International High Quality ETF,Fidelity,Equity,0.25,1.5,Medium,CAD,,,,,,,,,,,,,,,,,,,,,,,,
TGED,TD Active Global Enhanced Dividend ETF,TD,Equity,0.25,3.69,Medium,CAD,,,,,,,,,,,,,,,,,,,,,,,,
WXM,CI Morningstar Canada Momentum Index ETF,CI,Equity,0.25,1.12,Medium,CAD,,,,,,,,,,,,,,,,,,,,,,,,
VSB,Vanguard Canadian Short-Term Bond Index ETF,Vanguard,Fixed Income,0.25,2.99,Medium,CAD,,,,,,,,,,,,,,,,,,,,,,,,
ZPR,BMO Laddered Preferred Share Index ETF,BMO,Fixed Income,0.25,4.98,Medium,CAD,,,,,,,,,,,,,,,,,,,,,,,,
QDX,Mackenzie International Equity Index ETF,Mackenzie,Equity,0.25,2.41,Medium,CAD,,,,,,,,,,,,,,,,,,,,,,,,
XWD,iShares MSCI World Index ETF,iShares,Equity,0.25,1.32,Medium,CAD,,,,,,,,,,,,,,,,,,,,,,,,
ZHY,BMO High Yield US Corporate Bond Hedged to CAD Index Fund,BMO,Fixed Income,0.25,6.22,Medium,CAD,,,,,,,,,,,,,,,,,,,,,,,,
NREA,NBI Global Real Assets Income Fund,NBI,Equity,0.25,0.91,Medium,CAD,,,,,,,,,,,,,,,,,,,,,,,,
ZGB,BMO Government Bond Index ETF,BMO,Fixed Income,0.25,3.01,Medium,CAD,,,,,,,,,,,,,,,,,,,,,,,,
FCIM,Fidelity International Momentum ETF,Fidelity,Equity,0.25,1.41,Medium,CAD,,,,,,,,,,,,,,,,,,,,,,,,
NHYB,NBI High Yield Bond ETF,NBI,Fixed Income,0.25,5.45,Medium,CAD,,,,,,,,,,,,,,,,,,,,,,,,
QQC,Invesco NASDAQ 100 Index ETF,Invesco,Equity,0.25,0.39,Medium,CAD,,,,,,,,,,,,,,,,,,,,,,,,
BND,Purpose Global Bond Fund,Purpose,Fixed Income,0.25,5.75,Medium,CAD,,,,,,,,,,,,,,,,,,,,,,,,
RCDB,RBC Canadian Discount Bond ETF,RBC,Fixed Income,0.25,2.02,Medium,CAD,,,,,,,,,,,,,,,,,,,,,,,,
HDIV,Hamilton Enhanced Canadian Covered Call ETF,Hamilton,Equity,0.25,9.77,Medium,CAD,,,,,,,,,,,,,,,,,,,,,,,,
VSC,Vanguard Canadian Short-Term Corporate Bond Index ETF,Vanguard,Fixed Income,0.25,3.62,Medium,CAD,,,,,,,,,,,,,,,,,,,,,,,,
ZUAG.F,BMO US Aggregate Bond Index ETF,BMO,Fixed Income,0.25,2.59,Medium,CAD,,,,,,,,,,,,,,,,,,,,,,,,
VBG,Vanguard Global ex-U.S. Aggregate Bond Index ETF (CAD-hedged),Vanguard,Fixed Income,0.25,3.45,Medium,CAD,,,,,,,,,,,,,,,,,,,,,,,,
QBB,Mackenzie Canadian Aggregate Bond Index ETF,Mackenzie,Fixed Income,0.25,3.19,Medium,CAD,,,,,,,,,,,,,,,,,,,,,,,,
HXQ,Global X Nasdaq-100 Index Corporate Class ETF,Global X,Equity,0.25,0.0,Medium,CAD,,,,,,,,,,,,,,,,,,,,,,,,
HXQ.U,Global X Nasdaq-100 Index Corporate Class ETF,Global X,Equity,0.25,0.0,Medium,CAD,,,,,,,,,,,,,,,,,,,,,,,,
ZFL,BMO Long Federal Bond Index ETF,BMO,Fixed Income,0.25,2.95,Medium,CAD,,,,,,,,,,,,,,,,,,,,,,,,
ZCM,BMO Mid Corporate Bond Index ETF,BMO,Fixed Income,0.25,4.09,Medium,CAD,,,,,,,,,,,,,,,,,,,,,,,,
VUS,Vanguard U.S. Total Market Index ETF (CAD-Hedged),Vanguard,Equity,0.25,0.84,Medium,CAD,,,,,,,,,,,,,,,,,,,,,,,,
FIE,iShares Canadian Financial Monthly Income ETF,iShares,Equity,0.25,4.84,Medium,CAD,,,,,,,,,,,,,,,,,,,,,,,,
CUEI,CIBC MSCI USA Equity Index ETF,CIBC,Equity,0.25,0.96,Medium,CAD,,,,,,,,,,,,,,,,,,,,,,,,
QQC.F,Invesco NASDAQ 100 Index ETF,Invesco,Equity,0.25,0.4,Medium,CAD,,,,,,,,,,,,,,,,,,,,,,,,
FCGS,Fidelity Global Small Cap Opportunities Fund,Fidelity,Equity,0.25,0.0,Medium,CAD,,,,,,,,,,,,,,,,,,,,,,,,
HISA,High Interest Savings Account Fund,Other,Fixed Income,0.25,2.24,Medium,CAD,,,,,,,,,,,,,,,,,,,,,,,,
HHIS,Harvest Diversified High Income Shares ETF,Harvest,Equity,0.25,29.21,Medium,CAD,,,,,,,,,,,,,,,,,,,,,,,,
CIF,iShares Global Infrastructure Index ETF,iShares,Equity,0.25,1.75,Medium,CAD,,,,,,,,,,,,,,,,,,,,,,,,
MIQE,Mackenzie GQE International Equity ETF,Mackenzie,Equity,0.25,0.89,Medium,CAD,,,,,,,,,,,,,,,,,,,,,,,,
UMAX,Hamilton Utilities YIELD MAXIMIZER ETF,Hamilton,Equity,0.25,13.95,Medium,CAD,,,,,,,,,,,,,,,,,,,,,,,,
ZDB,BMO Discount Bond Index ETF,BMO,Fixed Income,0.25,2.15,Medium,CAD,,,,,,,,,,,,,,,,,,,,,,,,
FBTC,Fidelity Advantage Bitcoin ETF,Fidelity,Equity,0.25,0.0,Medium,CAD,,,,,,,,,,,,,,,,,,,,,,,,
CDIV,Manulife Smart Dividend ETF,Manulife,Equity,0.25,2.68,Medium,CAD,,,,,,,,,,,,,,,,,,,,,,,,
MUB,Mackenzie Unconstrained Bond ETF,Mackenzie,Fixed Income,0.25,4.89,Medium,CAD,,,,,,,,,,,,,,,,,,,,,,,,
VEF,Vanguard FTSE Developed All Cap ex U.S. Index ETF (CAD-hedged),Vanguard,Equity,0.25,2.44,Medium,CAD,,,,,,,,,,,,,,,,,,,,,,,,
IDIV.B,Manulife Smart International Dividend ETF,Manulife,Equity,0.25,2.74,Medium,CAD,,,,,,,,,,,,,,,,,,,,,,,,
ZUQ,BMO MSCI USA High Quality Index ETF,BMO,Equity,0.25,0.46,Medium,CAD,,,,,,,,,,,,,,,,,,,,,,,,
CDZ,iShares S&P/TSX Canadian Dividend Aristocrats Index ETF,iShares,Equity,0.25,3.24,Medium,CAD,,,,,,,,,,,,,,,,,,,,,,,,
EQL.F,Invesco S&P 500 Equal Weight Index ETF,Invesco,Equity,0.25,1.27,Medium,CAD,,,,,,,,,,,,,,,,,,,,,,,,
XRE,iShares S&P/TSX Capped REIT Index ETF,iShares,Equity,0.25,4.74,Medium,CAD,,,,,,,,,,,,,,,,,,,,,,,,
ZWP,BMO Europe High Dividend Covered Call Fund,BMO,Equity,0.25,6.22,Medium,CAD,,,,,,,,,,,,,,,,,,,,,,,,
HEB,Hamilton Canadian Bank Equal-Weight Index ETF,Hamilton,Equity,0.25,3.07,Medium,CAD,,,,,,,,,,,,,,,,,,,,,,,,
ZWH,BMO US High Dividend Covered Call Fund,BMO,Equity,0.25,6.12,Medium,CAD,,,,,,,,,,,,,,,,,,,,,,,,
CPD,iShares S&P/TSX Canadian Preferred Share Index ETF,iShares,Fixed Income,0.25,5.02,Medium,CAD,,,,,,,,,,,,,,,,,,,,,,,,
HXDM.U,Global X Intl Developed Markets Equity Index Corporate Class ETF,Global X,Equity,0.25,0.0,Medium,CAD,,,,,,,,,,,,,,,,,,,,,,,,
XHY,iShares U.S. High Yield Bond Index ETF (CAD-Hedged),iShares,Fixed Income,0.25,6.08,Medium,CAD,,,,,,,,,,,,,,,,,,,,,,,,
HXDM,Global X Intl Developed Markets Equity Index Corporate Class ETF,Global X,Equity,0.25,0.0,Medium,CAD,,,,,,,,,,,,,,,,,,,,,,,,
ZGQ,BMO MSCI All Country World High Quality Index ETF,BMO,Equity,0.25,0.58,Medium,CAD,,,,,,,,,,,,,,,,,,,,,,,,
HSUV.U,Global X USD Cash Maximizer Corporate Class ETF,Global X,Fixed Income,0.25,0.0,Medium,CAD,,,,,,,,,,,,,,,,,,,,,,,,
PSU.U,Purpose US Cash Fund,Purpose,Fixed Income,0.25,4.01,Medium,CAD,,,,,,,,,,,,,,,,,,,,,,,,
WSRI,Wealthsimple North America Socially Responsible Index ETF,Wealthsimple,Equity,0.25,1.2,Medium,CAD,,,,,,,,,,,,,,,,,,,,,,,,
ZCOM,BMO Broad Commodity ETF,BMO,Equity,0.25,0.0,Medium,CAD,,,,,,,,,,,,,,,,,,,,,,,,
FCIL,Fidelity International Low Volatility ETF,Fidelity,Equity,0.25,1.7,Medium,CAD,,,,,,,,,,,,,,,,,,,,,,,,
HBNK,Global X Equal Weight Canadian Banks Index ETF,Global X,Equity,0.25,3.1,Medium,CAD,,,,,,,,,,,,,,,,,,,,,,,,
SITI,Scotia International Equity Index Tracker ETF,Scotia,Equity,0.25,2.21,Medium,CAD,,,,,,,,,,,,,,,,,,,,,,,,
CIAI,CI Global Artificial Intelligence Fund,CI,Equity,0.25,0.0,Medium,CAD,,,,,,,,,,,,,,,,,,,,,,,,
WSRD,Wealthsimple Developed Markets ex North America Socially Responsible Index ETF,Wealthsimple,Equity,0.25,2.28,Medium,CAD,,,,,,,,,,,,,,,,,,,,,,,,
FCCM,Fidelity Canadian Momentum ETF,Fidelity,Equity,0.25,0.81,Medium,CAD,,,,,,,,,,,,,,,,,,,,,,,,
HYLD,Hamilton Enhanced U.S. Covered Call ETF,Hamilton,Equity,0.25,12.68,Medium,CAD,,,,,,,,,,,,,,,,,,,,,,,,
FCCV,Fidelity Canadian Value ETF,Fidelity,Equity,0.25,1.64,Medium,CAD,,,,,,,,,,,,,,,,,,,,,,,,
SMAX,Hamilton U.S. Equity Yield Maximizer ETF,Hamilton,Equity,0.25,10.84,Medium,CAD,,,,,,,,,,,,,,,,,,,,,,,,
PDC,Invesco Canadian Dividend Index ETF,Invesco,Equity,0.25,3.49,Medium,CAD,,,,,,,,,,,,,,,,,,,,,,,,
CQLU,CIBC Qx U.S. Low Volatility Dividend ETF,CIBC,Equity,0.25,1.66,Medium,CAD,,,,,,,,,,,,,,,,,,,,,,,,
VGH,Vanguard U.S. Dividend Appreciation Index ETF (CAD-hedged),Vanguard,Equity,0.25,1.12,Medium,CAD,,,,,,,,,,,,,,,,,,,,,,,,
CGL.C,iShares Gold Bullion ETF,iShares,Equity,0.25,0.0,Medium,CAD,,,,,,,,,,,,,,,,,,,,,,,,
MKB,Mackenzie Canadian Strategic Fixed Income ETF,Mackenzie,Fixed Income,0.25,3.73,Medium,CAD,,,,,,,,,,,,,,,,,,,,,,,,
HPR,Global X Active Preferred Share ETF,Global X,Fixed Income,0.25,4.58,Medium,CAD,,,,,,,,,,,,,,,,,,,,,,,,
BANK,Evolve Canadian Banks and Lifecos Enhanced Yield Index Fund,Evolve,Equity,0.25,14.04,Medium,CAD,,,,,,,,,,,,,,,,,,,,,,,,
QAH,Mackenzie US Large Cap Equity Index ETF (CAD-Hedged),Mackenzie,Equity,0.25,0.72,Medium,CAD,,,,,,,,,,,,,,,,,,,,,,,,
TQGM,TD Q Global Multifactor ETF,TD,Equity,0.25,1.31,Medium,CAD,,,,,,,,,,,,,,,,,,,,,,,,
CLG,iShares 1-10 Year Laddered Government Bond Index ETF,iShares,Fixed Income,0.25,2.52,Medium,CAD,,,,,,,,,,,,,,,,,,,,,,,,
FCCQ,Fidelity Canadian High Quality ETF,Fidelity,Equity,0.25,1.32,Medium,CAD,,,,,,,,,,,,,,,,,,,,,,,,
DXG,Dynamic Active Global Dividend ETF,Dynamic,Equity,0.25,0.0,Medium,CAD,,,,,,,,,,,,,,,,,,,,,,,,
BTCC.B,Purpose Bitcoin ETF,Purpose,Equity,0.25,0.0,Medium,CAD,,,,,,,,,,,,,,,,,,,,,,,,
DGRC,CI Canada Quality Dividend Growth Index ETF,CI,Equity,0.25,2.33,Medium,CAD,,,,,,,,,,,,,,,,,,,,,,,,
DCBC,Desjardins Canadian Corporate Bond Index ETF,Desjardins,Fixed Income,0.25,3.55,Medium,CAD,,,,,,,,,,,,,,,,,,,,,,,,
XLB,iShares Core Canadian Long Term Bond Index ETF,iShares,Fixed Income,0.25,3.98,Medium,CAD,,,,,,,,,,,,,,,,,,,,,,,,
HCAL,Hamilton Enhanced Canadian Bank ETF,Hamilton,Equity,0.25,3.97,Medium,CAD,,,,,,,,,,,,,,,,,,,,,,,,
RQP,RBC Target 2027 Canadian Corporate Bond Index ETF,RBC,Fixed Income,0.25,3.62,Medium,CAD,,,,,,,,,,,,,,,,,,,,,,,,
FCCL,Fidelity Canadian Low Volatility ETF,Fidelity,Equity,0.25,1.81,Medium,CAD,,,,,,,,,,,,,,,,,,,,,,,,
ZUT,BMO Equal Weight Utilities Index ETF,BMO,Equity,0.25,3.06,Medium,CAD,,,,,,,,,,,,,,,,,,,,,,,,
VCNS,Vanguard Conservative ETF Portfolio,Vanguard,Multi-Asset,0.25,2.46,Medium,CAD,,,,,,,,,,,,,,,,,,,,,,,,
ZDI,BMO International Dividend ETF,BMO,Equity,0.25,3.13,Medium,CAD,,,,,,,,,,,,,,,,,,,,,,,,
XMA,iShares S&P/TSX Capped Materials Index ETF,iShares,Equity,0.25,0.34,Medium,CAD,,,,,,,,,,,,,,,,,,,,,,,,
RUD,RBC Quant U.S. Dividend Leaders ETF,RBC,Equity,0.25,1.35,Medium,CAD,,,,,,,,,,,,,,,,,,,,,,,,
ZEF,BMO Emerging Markets Bond Hedged to CAD Index ETF,BMO,Fixed Income,0.25,4.26,Medium,CAD,,,,,,,,,,,,,,,,,,,,,,,,
NINT,NBI Active International Equity ETF,NBI,Equity,0.25,1.26,Medium,CAD,,,,,,,,,,,,,,,,,,,,,,,,
CBO,iShares 1-5 Year Laddered Corporate Bond Index ETF,iShares,Fixed Income,0.25,3.4,Medium,CAD,,,,,,,,,,,,,,,,,,,,,,,,
QQCE,Invesco ESG NASDAQ 100 Index ETF,Invesco,Equity,0.25,0.34,Medium,CAD,,,,,,,,,,,,,,,,,,,,,,,,
FCIN,Fidelity All-International Equity ETF,Fidelity,Equity,0.25,0.0,Medium,CAD,,,,,,,,,,,,,,,,,,,,,,,,
VI,Vanguard FTSE Developed All Cap ex North America Index ETF (CAD-hedged),Vanguard,Equity,0.25,2.22,Medium,CAD,,,,,,,,,,,,,,,,,,,,,,,,
ZDY,BMO US Dividend ETF,BMO,Equity,0.25,1.56,Medium,CAD,,,,,,,,,,,,,,,,,,,,,,,,
HISU.U,US High Interest Savings Account Fund,Other,Fixed Income,0.25,3.97,Medium,CAD,,,,,,,,,,,,,,,,,,,,,,,,
VDU,Vanguard FTSE Developed All Cap ex U.S. Index ETF,Vanguard,Equity,0.25,2.46,Medium,CAD,,,,,,,,,,,,,,,,,,,,,,,,
ZWE,BMO Europe High Dividend Covered Call Hedged to CAD ETF,BMO,Equity,0.25,6.79,Medium,CAD,,,,,,,,,,,,,,,,,,,,,,,,
CAGG,CI Canadian Aggregate Bond Index ETF,CI,Fixed Income,0.25,3.44,Medium,CAD,,,,,,,,,,,,,,,,,,,,,,,,
ENCC,Global X Canadian Oil and Gas Equity Covered Call ETF,Global X,Equity,0.25,12.11,Medium,CAD,,,,,,,,,,,,,,,,,,,,,,,,
DXDB,Dynamic Active Discount Bond ETF,Dynamic,Fixed Income,0.25,4.14,Medium,CAD,,,,,,,,,,,,,,,,,,,,,,,,
BTCX.B,CI Galaxy Bitcoin ETF,CI,Equity,0.25,0.0,Medium,CAD,,,,,,,,,,,,,,,,,,,,,,,,
ZMP,BMO Mid Provincial Bond Index ETF,BMO,Fixed Income,0.25,2.98,Medium,CAD,,,,,,,,,,,,,,,,,,,,,,,,
JAPN.B,CI Japan Equity Index ETF,CI,Equity,0.25,1.96,Medium,CAD,,,,,,,,,,,,,,,,,,,,,,,,
VCB,Vanguard Canadian Corporate Bond Index ETF,Vanguard,Fixed Income,0.25,3.83,Medium,CAD,,,,,,,,,,,,,,,,,,,,,,,,
ZFM,BMO Mid Federal Bond Index ETF,BMO,Fixed Income,0.25,2.41,Medium,CAD,,,,,,,,,,,,,,,,,,,,,,,,
GLCC,Global X Gold Producer Equity Covered Call ETF,Global X,Equity,0.25,5.39,Medium,CAD,,,,,,,,,,,,,,,,,,,,,,,,
XMD,iShares S&P/TSX Completion Index ETF,iShares,Equity,0.25,0.85,Medium,CAD,,,,,,,,,,,,,,,,,,,,,,,,
TCSH,TD Cash Management ETF,TD,Fixed Income,0.25,2.8,Medium,CAD,,,,,,,,,,,,,,,,,,,,,,,,
BSKT,Manulife Smart Core Bond ETF,Manulife,Fixed Income,0.25,3.31,Medium,CAD,,,,,,,,,,,,,,,,,,,,,,,,
USSX,Global X S&P 500 Index ETF,Global X,Equity,0.25,1.12,Medium,CAD,,,,,,,,,,,,,,,,,,,,,,,,
XSU,iShares U.S. Small Cap Index ETF (CAD-Hedged),iShares,Equity,0.25,0.81,Medium,CAD,,,,,,,,,,,,,,,,,,,,,,,,
XFR,iShares Floating Rate Index ETF,iShares,Equity,0.25,2.97,Medium,CAD,,,,,,,,,,,,,,,,,,,,,,,,
TQSM,TD Q U.S. Small-Mid-Cap Equity ETF,TD,Equity,0.25,0.86,Medium,CAD,,,,,,,,,,,,,,,,,,,,,,,,
SVR,iShares Silver Bullion ETF,iShares,Equity,0.25,0.0,Medium,CAD,,,,,,,,,,,,,,,,,,,,,,,,
VVL,Vanguard Global Value Factor ETF,Vanguard,Equity,0.25,1.79,Medium,CAD,,,,,,,,,,,,,,,,,,,,,,,,
FGO,CI Enhanced Government Bond ETF,CI,Fixed Income,0.25,2.76,Medium,CAD,,,,,,,,,,,,,,,,,,,,,,,,
TXF,CI Tech Giants Covered Call ETF,CI,Equity,0.25,11.2,Medium,CAD,,,,,,,,,,,,,,,,,,,,,,,,
CGBI,CIBC Global Bond ex-Canada Index ETF (CAD-Hedged),CIBC,Fixed Income,0.25,2.69,Medium,CAD,,,,,,,,,,,,,,,,,,,,,,,,
QMAX,Hamilton Technology Yield Maximizer ETF,Hamilton,Equity,0.25,12.58,Medium,CAD,,,,,,,,,,,,,,,,,,,,,,,,
ZFS,BMO Short Federal Bond Index ETF,BMO,Fixed Income,0.25,2.45,Medium,CAD,,,,,,,,,,,,,,,,,,,,,,,,
DMEE,Desjardins Emerging Markets Equity Index ETF,Desjardins,Equity,0.25,1.44,Medium,CAD,,,,,,,,,,,,,,,,,,,,,,,,
ZBK,BMO Equal Weight US Banks Index ETF,BMO,Equity,0.25,1.85,Medium,CAD,,,,,,,,,,,,,,,,,,,,,,,,
VXM,CI Morningstar International Value Index ETF,CI,Equity,0.25,1.82,Medium,CAD,,,,,,,,,,,,,,,,,,,,,,,,
HTA,Harvest Tech Achievers Growth & Income ETF,Harvest,Equity,0.25,9.73,Medium,CAD,,,,,,,,,,,,,,,,,,,,,,,,
CQLC,CIBC Qx Canadian Low Volatility Dividend ETF,CIBC,Equity,0.25,2.7,Medium,CAD,,,,,,,,,,,,,,,,,,,,,,,,
RQQ,RBC Target 2028 Canadian Corporate Bond Index ETF,RBC,Fixed Income,0.25,4.05,Medium,CAD,,,,,,,,,,,,,,,,,,,,,,,,
XDG,iShares Core MSCI Global Quality Dividend Index ETF,iShares,Equity,0.25,2.78,Medium,CAD,,,,,,,,,,,,,,,,,,,,,,,,
XSUS,iShares ESG Aware MSCI USA Index ETF,iShares,Equity,0.25,0.84,Medium,CAD,,,,,,,,,,,,,,,,,,,,,,,,
TCSB,TD Select Short Term Corporate Bond Ladder ETF,TD,Fixed Income,0.25,3.65,Medium,CAD,,,,,,,,,,,,,,,,,,,,,,,,
CLF,iShares 1-5 Year Laddered Government Bond Index ETF,iShares,Fixed Income,0.25,2.22,Medium,CAD,,,,,,,,,,,,,,,,,,,,,,,,
XIT,iShares S&P/TSX Capped Information Technology Index ETF,iShares,Equity,0.25,0.0,Medium,CAD,,,,,,,,,,,,,,,,,,,,,,,,
CCEI,CIBC MSCI Canada Equity Index ETF,CIBC,Equity,0.25,2.08,Medium,CAD,,,,,,,,,,,,,,,,,,,,,,,,
QQQX,Global X NASDAQ-100 Index ETF,Global X,Equity,0.25,0.36,Medium,CAD,,,,,,,,,,,,,,,,,,,,,,,,
TQGD,TD Q Global Dividend ETF,TD,Equity,0.25,2.79,Medium,CAD,,,,,,,,,,,,,,,,,,,,,,,,
QUIG,Mackenzie US Investment Grade Corporate Bond Index ETF (CAD-Hedged),Mackenzie,Fixed Income,0.25,3.95,Medium,CAD,,,,,,,,,,,,,,,,,,,,,,,,
XMC,iShares S&P U.S. Mid-Cap Index ETF,iShares,Equity,0.25,1.03,Medium,CAD,,,,,,,,,,,,,,,,,,,,,,,,
RQO,RBC Target 2026 Canadian Corporate Bond Index ETF,RBC,Fixed Income,0.25,2.67,Medium,CAD,,,,,,,,,,,,,,,,,,,,,,,,
ZGRO,BMO Growth ETF Portfolio,BMO,Multi-Asset,0.25,1.66,Medium,CAD,,,,,,,,,,,,,,,,,,,,,,,,
RPF,RBC Canadian Preferred Share ETF,RBC,Fixed Income,0.25,5.06,Medium,CAD,,,,,,,,,,,,,,,,,,,,,,,,
AMAX,Hamilton Gold Producer Yield Maximizer ETF,Hamilton,Equity,0.25,6.53,Medium,CAD,,,,,,,,,,,,,,,,,,,,,,,,
DXP,Dynamic Active Preferred Shares ETF,Dynamic,Fixed Income,0.25,4.49,Medium,CAD,,,,,,,,,,,,,,,,,,,,,,,,
ZJPN,BMO Japan Index ETF,BMO,Equity,0.25,1.3,Medium,CAD,,,,,,,,,,,,,,,,,,,,,,,,
CQLI,CIBC Qx International Low Volatility Dividend ETF,CIBC,Equity,0.25,3.16,Medium,CAD,,,,,,,,,,,,,,,,,,,,,,,,
XEU,iShares MSCI Europe IMI Index ETF,iShares,Equity,0.25,2.42,Medium,CAD,,,,,,,,,,,,,,,,,,,,,,,,
TUED,TD Active U.S. Enhanced Dividend ETF,TD,Equity,0.25,2.73,Medium,CAD,,,,,,,,,,,,,,,,,,,,,,,,
UBIL.U,Global X 0-3 Month U.S. T-Bill ETF,Global X,Fixed Income,0.25,4.01,Medium,CAD,,,,,,,,,,,,,,,,,,,,,,,,
XESG,iShares ESG Aware MSCI Canada Index ETF,iShares,Equity,0.25,2.0,Medium,CAD,,,,,,,,,,,,,,,,,,,,,,,,
SPLT,Brompton Split Corp. Preferred Share ETF,Brompton,Fixed Income,0.25,6.09,Medium,CAD,,,,,,,,,,,,,,,,,,,,,,,,
VE,Vanguard FTSE Developed Europe All Cap Index ETF,Vanguard,Equity,0.25,2.53,Medium,CAD,,,,,,,,,,,,,,,,,,,,,,,,
KILO,Purpose Gold Bullion Fund,Purpose,Equity,0.25,0.0,Medium,CAD,,,,,,,,,,,,,,,,,,,,,,,,
ZRE,BMO Equal Weight REITs Index ETF,BMO,Equity,0.25,4.65,Medium,CAD,,,,,,,,,,,,,,,,,,,,,,,,
CNDX,Global X S&P/TSX 60 Index ETF,Global X,Equity,0.25,2.35,Medium,CAD,,,,,,,,,,,,,,,,,,,,,,,,
BTCC,Purpose Bitcoin ETF,Purpose,Equity,0.25,0.0,Medium,CAD,,,,,,,,,,,,,,,,,,,,,,,,
DXQ,Dynamic Active Enhanced Yield Covered Options ETF,Dynamic,Equity,0.25,7.75,Medium,CAD,,,,,,,,,,,,,,,,,,,,,,,,
TERM,Manulife Smart Short-Term Bond ETF,Manulife,Fixed Income,0.25,3.62,Medium,CAD,,,,,,,,,,,,,,,,,,,,,,,,
QQCC,Global X Nasdaq-100 Covered Call ETF,Global X,Equity,0.25,11.77,Medium,CAD,,,,,,,,,,,,,,,,,,,,,,,,
MEME.B,Manulife Multifactor Emerging Markets Index ETF,Manulife,Equity,0.25,1.8,Medium,CAD,,,,,,,,,,,,,,,,,,,,,,,,
ZEQT,BMO All-Equity ETF,BMO,Equity,0.25,1.41,Medium,CAD,,,,,,,,,,,,,,,,,,,,,,,,
SITC,Scotia Canadian Large Cap Equity Index Tracker ETF,Scotia,Equity,0.25,1.68,Medium,CAD,,,,,,,,,,,,,,,,,,,,,,,,
XIGS,iShares 1-5 Year U.S. IG Corporate Bond Index ETF (CAD-Hedged),iShares,Fixed Income,0.25,4.22,Medium,CAD,,,,,,,,,,,,,,,,,,,,,,,,
PFMN,PICTON Market Neutral Equity Alternative Fund,PICTON,Equity,0.25,0.79,Medium,CAD,,,,,,,,,,,,,,,,,,,,,,,,
XBM,iShares S&P/TSX Global Base Metals Index ETF,iShares,Equity,0.25,0.67,Medium,CAD,,,,,,,,,,,,,,,,,,,,,,,,
HULC,Global X US Large Cap Index Corporate Class ETF,Global X,Equity,0.25,0.0,Medium,CAD,,,,,,,,,,,,,,,,,,,,,,,,
CFRN,CIBC Active Investment Grade Floating Rate Bond ETF,CIBC,Fixed Income,0.25,3.32,Medium,CAD,,,,,,,,,,,,,,,,,,,,,,,,
HULC.U,Global X US Large Cap Index Corporate Class ETF,Global X,Equity,0.25,0.0,Medium,CAD,,,,,,,,,,,,,,,,,,,,,,,,
VGAB,Vanguard Global Aggregate Bond Index ETF (CAD-hedged),Vanguard,Fixed Income,0.25,3.47,Medium,CAD,,,,,,,,,,,,,,,,,,,,,,,,
XHC,iShares Global Healthcare Index ETF (CAD-Hedged),iShares,Equity,0.25,1.83,Medium,CAD,,,,,,,,,,,,,,,,,,,,,,,,
PSB,Invesco 1-5 Year Laddered Investment Grade Corporate Bond Index ETF,Invesco,Fixed Income,0.25,3.17,Medium,CAD,,,,,,,,,,,,,,,,,,,,,,,,
CBH,iShares 1-10 Year Laddered Corporate Bond Index ETF,iShares,Fixed Income,0.25,3.31,Medium,CAD,,,,,,,,,,,,,,,,,,,,,,,,
HFR,Global X Active Ultra-Short Term Investment Grade Bond ETF,Global X,Fixed Income,0.25,3.71,Medium,CAD,,,,,,,,,,,,,,,,,,,,,,,,
ESG,Invesco S&P 500 ESG Index ETF,Invesco,Equity,0.25,0.85,Medium,CAD,,,,,,,,,,,,,,,,,,,,,,,,
XGGB,iShares Global Government Bond Index ETF (CAD-Hedged),iShares,Fixed Income,0.25,2.69,Medium,CAD,,,,,,,,,,,,,,,,,,,,,,,,
QCB,Mackenzie Canadian All Corporate Bond Index ETF,Mackenzie,Fixed Income,0.25,4.05,Medium,CAD,,,,,,,,,,,,,,,,,,,,,,,,
MCLC,Manulife Multifactor Canadian Large Cap Index ETF,Manulife,Equity,0.25,1.89,Medium,CAD,,,,,,,,,,,,,,,,,,,,,,,,
HAZ,Global X Active Global Dividend ETF,Global X,Equity,0.25,1.42,Medium,CAD,,,,,,,,,,,,,,,,,,,,,,,,
FLUR,Franklin International Equity Index ETF,Franklin,Equity,0.25,2.23,Medium,CAD,,,,,,,,,,,,,,,,,,,,,,,,
ZST.L,BMO Ultra Short-Term Bond Fund,BMO,Fixed Income,0.25,0.0,Medium,CAD,,,,,,,,,,,,,,,,,,,,,,,,
USCC,Global X S&P 500 Covered Call ETF,Global X,Equity,0.25,10.24,Medium,CAD,,,,,,,,,,,,,,,,,,,,,,,,
XQB,iShares Core High Quality Canadian Bond Index ETF,iShares,Fixed Income,0.25,3.37,Medium,CAD,,,,,,,,,,,,,,,,,,,,,,,,
HBF,Harvest Brand Leaders Plus Income ETF,Harvest,Equity,0.25,7.65,Medium,CAD,,,,,,,,,,,,,,,,,,,,,,,,
VXM.B,CI Morningstar International Value Index ETF,CI,Equity,0.25,2.04,Medium,CAD,,,,,,,,,,,,,,,,,,,,,,,,
ZBAL,BMO Balanced ETF,BMO,Multi-Asset,0.25,1.95,Medium,CAD,,,,,,,,,,,,,,,,,,,,,,,,
ZGI,BMO Global Infrastructure Index ETF,BMO,Equity,0.25,2.37,Medium,CAD,,,,,,,,,,,,,,,,,,,,,,,,
HUTL,Harvest Equal Weight Global Utilities Income ETF,Harvest,Equity,0.25,7.31,Medium,CAD,,,,,,,,,,,,,,,,,,,,,,,,
GDXU,BetaPro Canadian Gold Miners 2x Daily Bull ETF,BetaPro,Equity,0.25,0.0,Medium,CAD,,,,,,,,,,,,,,,,,,,,,,,,
FXM,CI Morningstar Canada Value Index ETF,CI,Equity,0.25,1.71,Medium,CAD,,,,,,,,,,,,,,,,,,,,,,,,
RQR,RBC Target 2029 Canadian Corporate Bond Index ETF,RBC,Fixed Income,0.25,4.0,Medium,CAD,,,,,,,,,,,,,,,,,,,,,,,,
XMH,iShares S&P U.S. Mid-Cap Index ETF (CAD-Hedged),iShares,Equity,0.25,1.03,Medium,CAD,,,,,,,,,,,,,,,,,,,,,,,,
HDIF,Harvest Diversified Monthly Income ETF,Harvest,Equity,0.25,10.48,Medium,CAD,,,,,,,,,,,,,,,,,,,,,,,,
RING,Global X Equal Weight Canadian Telecommunications Index ETF,Global X,Equity,0.25,5.73,Medium,CAD,,,,,,,,,,,,,,,,,,,,,,,,
TUHY,TD Active U.S. High Yield Bond ETF,TD,Fixed Income,0.25,5.96,Medium,CAD,,,,,,,,,,,,,,,,,,,,,,,,
XUH,iShares Core S&P U.S. Total Market Index ETF (CAD-Hedged),iShares,Equity,0.25,0.91,Medium,CAD,,,,,,,,,,,,,,,,,,,,,,,,
XFLI,iShares Flexible Monthly Income ETF,iShares,Equity,0.25,5.64,Medium,CAD,,,,,,,,,,,,,,,,,,,,,,,,
XCSR,iShares ESG Advanced MSCI Canada Index ETF,iShares,Equity,0.25,1.69,Medium,CAD,,,,,,,,,,,,,,,,,,,,,,,,
WSHR,Wealthsimple Shariah World Equity Index ETF,Wealthsimple,Equity,0.25,1.28,Medium,CAD,,,,,,,,,,,,,,,,,,,,,,,,
ZLC,BMO Long Corporate Bond Index ETF,BMO,Fixed Income,0.25,4.65,Medium,CAD,,,,,,,,,,,,,,,,,,,,,,,,
CIEI,CIBC MSCI EAFE Equity Index ETF,CIBC,Equity,0.25,2.26,Medium,CAD,,,,,,,,,,,,,,,,,,,,,,,,
PFIA,PICTON Long Short Income Alternative Fund,PICTON,Equity,0.25,4.06,Medium,CAD,,,,,,,,,,,,,,,,,,,,,,,,
DGR.B,CI U.S. Quality Dividend Growth Index ETF,CI,Equity,0.25,1.23,Medium,CAD,,,,,,,,,,,,,,,,,,,,,,,,
EMAX,Hamilton Energy Yield Maximizer ETF,Hamilton,Equity,0.25,11.21,Medium,CAD,,,,,,,,,,,,,,,,,,,,,,,,
ZMBS,BMO Canadian MBS Index ETF,BMO,Equity,0.25,2.31,Medium,CAD,,,,,,,,,,,,,,,,,,,,,,,,
CINF,CI Global Infrastructure Private Pool,CI,Equity,0.25,2.5,Medium,CAD,,,,,,,,,,,,,,,,,,,,,,,,
ZGD,BMO Equal Weight Global Gold Index ETF,BMO,Equity,0.25,0.17,Medium,CAD,,,,,,,,,,,,,,,,,,,,,,,,
FLAM,Franklin FTSE U.S. Index ETF,Franklin,Equity,0.25,1.01,Medium,CAD,,,,,,,,,,,,,,,,,,,,,,,,
MCSM,Manulife Multifactor Canadian SMID Cap Index ETF,Manulife,Equity,0.25,1.35,Medium,CAD,,,,,,,,,,,,,,,,,,,,,,,,
RIT,CI Canadian REIT ETF,CI,Equity,0.25,4.62,Medium,CAD,,,,,,,,,,,,,,,,,,,,,,,,
XUS.U,iShares Core S&P 500 Index ETF,iShares,Equity,0.25,1.26,Medium,CAD,,,,,,,,,,,,,,,,,,,,,,,,
RPLS,RBC Core Plus Bond Pool,RBC,Fixed Income,0.25,0.0,Medium,CAD,,,,,,,,,,,,,,,,,,,,,,,,
XSPC,iShares S&P 500 3% Capped Index ETF (CAD-Hedged),iShares,Equity,0.25,0.89,Medium,CAD,,,,,,,,,,,,,,,,,,,,,,,,
TPRF,TD Active Preferred Share ETF,TD,Fixed Income,0.25,4.45,Medium,CAD,,,,,,,,,,,,,,,,,,,,,,,,
XUSR,iShares ESG Advanced MSCI USA Index ETF,iShares,Equity,0.25,0.66,Medium,CAD,,,,,,,,,,,,,,,,,,,,,,,,
ZDJ,BMO Dow Jones Industrial Average Hedged to CAD Index ETF,BMO,Equity,0.25,1.05,Medium,CAD,,,,,,,,,,,,,,,,,,,,,,,,
FCSW,Fidelity Sustainable World ETF,Fidelity,Equity,0.25,0.69,Medium,CAD,,,,,,,,,,,,,,,,,,,,,,,,
NGPE,NBI Global Private Equity ETF,NBI,Equity,0.25,1.87,Medium,CAD,,,,,,,,,,,,,,,,,,,,,,,,
RBNK,RBC Canadian Bank Yield Index ETF,RBC,Equity,0.25,3.26,Medium,CAD,,,,,,,,,,,,,,,,,,,,,,,,
MWLV,Mackenzie GQE World Low Volatility ETF,Mackenzie,Equity,0.25,1.4,Medium,CAD,,,,,,,,,,,,,,,,,,,,,,,,
QQU,BetaPro NASDAQ-100 2x Daily Bull ETF,BetaPro,Equity,0.25,0.0,Medium,CAD,,,,,,,,,,,,,,,,,,,,,,,,
XAGH,iShares U.S. Aggregate Bond Index ETF (CAD-Hedged),iShares,Fixed Income,0.25,3.82,Medium,CAD,,,,,,,,,,,,,,,,,,,,,,,,
HPYT,Harvest Premium Yield Treasury ETF,Harvest,Equity,0.25,17.9,Medium,CAD,,,,,,,,,,,,,,,,,,,,,,,,
FLGA,Franklin Global Core Bond Fund,Franklin,Fixed Income,0.25,2.63,Medium,CAD,,,,,,,,,,,,,,,,,,,,,,,,
UCSH.U,Global X USD High Interest Savings ETF,Global X,Fixed Income,0.25,4.01,Medium,CAD,,,,,,,,,,,,,,,,,,,,,,,,
RID,RBC Quant EAFE Dividend Leaders ETF,RBC,Equity,0.25,2.89,Medium,CAD,,,,,,,,,,,,,,,,,,,,,,,,
QBTL,AGF US Market Neutral Anti-Beta CAD-Hedged ETF,AGF,Equity,0.25,0.0,Medium,CAD,,,,,,,,,,,,,,,,,,,,,,,,
CIC,CI Canadian Banks Covered Call Income Class ETF,CI,Equity,0.25,5.53,Medium,CAD,,,,,,,,,,,,,,,,,,,,,,,,
ZPS,BMO Short Provincial Bond Index ETF,BMO,Fixed Income,0.25,2.81,Medium,CAD,,,,,,,,,,,,,,,,,,,,,,,,
ZUB,BMO Equal Weight US Banks Hedged to CAD Index ETF,BMO,Equity,0.25,1.98,Medium,CAD,,,,,,,,,,,,,,,,,,,,,,,,
XMV,iShares MSCI Min Vol Canada Index ETF,iShares,Equity,0.25,2.1,Medium,CAD,,,,,,,,,,,,,,,,,,,,,,,,
PYF,Purpose Premium Yield Fund,Purpose,Equity,0.25,7.72,Medium,CAD,,,,,,,,,,,,,,,,,,,,,,,,
ZPAY,BMO Premium Yield Fund,BMO,Equity,0.25,7.56,Medium,CAD,,,,,,,,,,,,,,,,,,,,,,,,
QTIP,Mackenzie US TIPS Index ETF (CAD-Hedged),Mackenzie,Equity,0.25,4.49,Medium,CAD,,,,,,,,,,,,,,,,,,,,,,,,
MGDV,Mackenzie Global Dividend ETF,Mackenzie,Equity,0.25,0.87,Medium,CAD,,,,,,,,,,,,,,,,,,,,,,,,
XST,iShares S&P/TSX Capped Consumer Staples Index ETF,iShares,Equity,0.25,0.64,Medium,CAD,,,,,,,,,,,,,,,,,,,,,,,,
XMU,iShares MSCI Min Vol USA Index ETF,iShares,Equity,0.25,1.07,Medium,CAD,,,,,,,,,,,,,,,,,,,,,,,,
RCD,RBC Quant Canadian Dividend Leaders ETF,RBC,Equity,0.25,2.92,Medium,CAD,,,,,,,,,,,,,,,,,,,,,,,,
DXC,Dynamic Active Canadian Dividend ETF,Dynamic,Equity,0.25,2.25,Medium,CAD,,,,,,,,,,,,,,,,,,,,,,,,
KILO.B,Purpose Gold Bullion Fund,Purpose,Equity,0.25,0.0,Medium,CAD,,,,,,,,,,,,,,,,,,,,,,,,
XTR,iShares Diversified Monthly Income ETF,iShares,Equity,0.25,3.95,Medium,CAD,,,,,,,,,,,,,,,,,,,,,,,,
VMO,Vanguard Global Momentum Factor ETF,Vanguard,Equity,0.25,0.8,Medium,CAD,,,,,,,,,,,,,,,,,,,,,,,,
RUDB,RBC U.S. Discount Bond ETF,RBC,Fixed Income,0.25,1.61,Medium,CAD,,,,,,,,,,,,,,,,,,,,,,,,
CMVP,Hamilton Champions Canadian Dividend Index ETF,Hamilton,Equity,0.25,2.67,Medium,CAD,,,,,,,,,,,,,,,,,,,,,,,,
YTSL,Tesla (TSLA) Yield Shares Purpose ETF,Purpose,Equity,0.25,42.61,Medium,CAD,,,,,,,,,,,,,,,,,,,,,,,,
XCNS,iShares Core Conservative Balanced ETF Portfolio,iShares,Multi-Asset,0.25,2.47,Medium,CAD,,,,,,,,,,,,,,,,,,,,,,,,
BTCC.U,Purpose Bitcoin ETF,Purpose,Equity,0.25,0.0,Medium,CAD,,,,,,,,,,,,,,,,,,,,,,,,
CGIN,CI Global Investment Grade ETF,CI,Equity,0.25,4.79,Medium,CAD,,,,,,,,,,,,,,,,,,,,,,,,
ETHX.B,CI Galaxy Ethereum ETF,CI,Equity,0.25,0.0,Medium,CAD,,,,,,,,,,,,,,,,,,,,,,,,
PFAA,PICTON Multi-Strategy Alpha Alternative Fund,PICTON,Equity,0.25,1.64,Medium,CAD,,,,,,,,,,,,,,,,,,,,,,,,
MGQE,Mackenzie GQE Global Equity ETF,Mackenzie,Equity,0.25,0.35,Medium,CAD,,,,,,,,,,,,,,,,,,,,,,,,
ZEQ,BMO MSCI Europe High Quality Hedged to CAD Index ETF,BMO,Equity,0.25,3.02,Medium,CAD,,,,,,,,,,,,,,,,,,,,,,,,
IGB,Purpose Global Bond Class,Purpose,Fixed Income,0.25,5.04,Medium,CAD,,,,,,,,,,,,,,,,,,,,,,,,
FCCD,Fidelity Canadian High Dividend ETF,Fidelity,Equity,0.25,3.2,Medium,CAD,,,,,,,,,,,,,,,,,,,,,,,,
HFIN,Hamilton Enhanced Canadian Financials ETF,Hamilton,Equity,0.25,3.59,Medium,CAD,,,,,,,,,,,,,,,,,,,,,,,,
RQS,RBC Target 2030 Canadian Corporate Bond Index ETF,RBC,Fixed Income,0.25,3.75,Medium,CAD,,,,,,,,,,,,,,,,,,,,,,,,
XFLX,iShares Flexible Monthly Income ETF (CAD-Hedged),iShares,Equity,0.25,5.58,Medium,CAD,,,,,,,,,,,,,,,,,,,,,,,,
TGFI,TD Active Global Income ETF,TD,Equity,0.25,5.23,Medium,CAD,,,,,,,,,,,,,,,,,,,,,,,,
TCLB,TD Canadian Long Term Federal Bond ETF,TD,Fixed Income,0.25,3.15,Medium,CAD,,,,,,,,,,,,,,,,,,,,,,,,
FCSB,Fidelity Canadian Short Term Corporate Bond ETF,Fidelity,Fixed Income,0.25,3.71,Medium,CAD,,,,,,,,,,,,,,,,,,,,,,,,
ZPL,BMO Long Provincial Bond Index ETF,BMO,Fixed Income,0.25,3.69,Medium,CAD,,,,,,,,,,,,,,,,,,,,,,,,
TINF,TD Active Global Infrastructure Equity ETF,TD,Equity,0.25,2.64,Medium,CAD,,,,,,,,,,,,,,,,,,,,,,,,
XUT,iShares S&P/TSX Capped Utilities Index ETF,iShares,Equity,0.25,3.46,Medium,CAD,,,,,,,,,,,,,,,,,,,,,,,,
CRED,CI Alternative Investment Grade Credit Fund,CI,Equity,0.25,2.96,Medium,CAD,,,,,,,,,,,,,,,,,,,,,,,,
DXV,Dynamic Active Ultra Short Term Bond ETF,Dynamic,Fixed Income,0.25,3.23,Medium,CAD,,,,,,,,,,,,,,,,,,,,,,,,
VRIF,Vanguard Retirement Income ETF Portfolio,Vanguard,Multi-Asset,0.25,3.75,Medium,CAD,,,,,,,,,,,,,,,,,,,,,,,,
TGRO,TD Growth ETF Portfolio,TD,Multi-Asset,0.25,1.92,Medium,CAD,,,,,,,,,,,,,,,,,,,,,,,,
XSEA,iShares ESG Aware MSCI EAFE Index ETF,iShares,Equity,0.25,2.26,Medium,CAD,,,,,,,,,,,,,,,,,,,,,,,,
HEQT,Global X All-Equity Asset Allocation ETF,Global X,Equity,0.25,1.71,Medium,CAD,,,,,,,,,,,,,,,,,,,,,,,,
ZWK,BMO Covered Call US Banks ETF,BMO,Equity,0.25,6.62,Medium,CAD,,,,,,,,,,,,,,,,,,,,,,,,
RUSB.U,RBC Short Term U.S. Corporate Bond ETF,RBC,Fixed Income,0.25,3.99,Medium,CAD,,,,,,,,,,,,,,,,,,,,,,,,
XEM,iShares MSCI Emerging Markets Index ETF,iShares,Equity,0.25,1.79,Medium,CAD,,,,,,,,,,,,,,,,,,,,,,,,
CEW,iShares Equal Weight Banc & Lifeco ETF,iShares,Equity,0.25,2.75,Medium,CAD,,,,,,,,,,,,,,,,,,,,,,,,
MFT,Mackenzie Floating Rate Income ETF,Mackenzie,Equity,0.25,8.41,Medium,CAD,,,,,,,,,,,,,,,,,,,,,,,,
BKCC,Global X Equal Weight Canadian Bank Covered Call ETF,Global X,Equity,0.25,10.17,Medium,CAD,,,,,,,,,,,,,,,,,,,,,,,,
NRGY,Global X Equal Weight Canadian Oil & Gas Index ETF,Global X,Equity,0.25,3.36,Medium,CAD,,,,,,,,,,,,,,,,,,,,,,,,
JEPI,JPMorgan US Equity Premium Income Active ETF,JPMorgan,Equity,0.25,7.48,Medium,CAD,,,,,,,,,,,,,,,,,,,,,,,,
HSH,Global X S&P 500 CAD Hedged Index Corporate Class ETF,Global X,Equity,0.25,0.0,Medium,CAD,,,,,,,,,,,,,,,,,,,,,,,,
FHIS,Franklin Bissett Ultra Short Bond Fund,Franklin,Fixed Income,0.25,3.24,Medium,CAD,,,,,,,,,,,,,,,,,,,,,,,,
QEBH,Mackenzie Emerging Markets Bond Index ETF (CAD-Hedged),Mackenzie,Fixed Income,0.25,4.7,Medium,CAD,,,,,,,,,,,,,,,,,,,,,,,,
ZSU,BMO Short-Term US IG Corporate Bond Hedged to CAD Index ETF,BMO,Fixed Income,0.25,3.95,Medium,CAD,,,,,,,,,,,,,,,,,,,,,,,,
NNRG,Ninepoint Energy Fund,Ninepoint,Equity,0.25,0.64,Medium,CAD,,,,,,,,,,,,,,,,,,,,,,,,
XDSR,iShares ESG Advanced MSCI EAFE Index ETF,iShares,Equity,0.25,1.73,Medium,CAD,,,,,,,,,,,,,,,,,,,,,,,,
MSTE,Harvest Strategy Inc. Enhanced High Income Shares ETF,Harvest,Equity,0.25,100.0,Medium,CAD,,,,,,,,,,,,,,,,,,,,,,,,
ZMID,BMO S&P US Mid Cap Index ETF,BMO,Equity,0.25,0.98,Medium,CAD,,,,,,,,,,,,,,,,,,,,,,,,
UTES,Evolve Canadian Utilities Enhanced Yield Index Fund,Evolve,Equity,0.25,17.05,Medium,CAD,,,,,,,,,,,,,,,,,,,,,,,,
ENCL,Global X Enhanced Canadian Oil And Gas Equity Covered Call ETF,Global X,Equity,0.25,14.76,Medium,CAD,,,,,,,,,,,,,,,,,,,,,,,,
VALT.U,CI Gold Bullion Fund,CI,Equity,0.25,0.0,Medium,CAD,,,,,,,,,,,,,,,,,,,,,,,,
CWW,iShares Global Water Index ETF,iShares,Equity,0.25,1.27,Medium,CAD,,,,,,,,,,,,,,,,,,,,,,,,
CMGG,CI Munro Global Growth Equity Fund,CI,Equity,0.25,0.0,Medium,CAD,,,,,,,,,,,,,,,,,,,,,,,,
QQCL,Global X Enhanced Nasdaq-100 Covered Call ETF,Global X,Equity,0.25,15.24,Medium,CAD,,,,,,,,,,,,,,,,,,,,,,,,
DRFC,Desjardins RI Canada Multifactor - Net-Zero Emissions Pathway ETF,Desjardins,Equity,0.25,1.45,Medium,CAD,,,,,,,,,,,,,,,,,,,,,,,,
DMID,Desjardins American Mid Cap Equity Index ETF,Desjardins,Equity,0.25,0.23,Medium,CAD,,,,,,,,,,,,,,,,,,,,,,,,
VLB,Vanguard Canadian Long-Term Bond Index ETF,Vanguard,Fixed Income,0.25,3.85,Medium,CAD,,,,,,,,,,,,,,,,,,,,,,,,
RQT,RBC Target 2031 Canadian Corporate Bond ETF,RBC,Fixed Income,0.25,2.97,Medium,CAD,,,,,,,,,,,,,,,,,,,,,,,,
WSGB,Wealthsimple North American Green Bond Index ETF (CAD-Hedged),Wealthsimple,Fixed Income,0.25,3.29,Medium,CAD,,,,,,,,,,,,,,,,,,,,,,,,
XTLH,iShares 20+ Year U.S. Treasury Bond Index ETF (CAD-Hedged),iShares,Fixed Income,0.25,4.34,Medium,CAD,,,,,,,,,,,,,,,,,,,,,,,,
DRFE,Desjardins RI Emerging Markets Multifactor - Net-Zero Emissions Pathway ETF,Desjardins,Equity,0.25,1.86,Medium,CAD,,,,,,,,,,,,,,,,,,,,,,,,
FCID,Fidelity International High Dividend ETF,Fidelity,Equity,0.25,3.31,Medium,CAD,,,,,,,,,,,,,,,,,,,,,,,,
HAB,Global X Active Corporate Bond ETF,Global X,Fixed Income,0.25,4.06,Medium,CAD,,,,,,,,,,,,,,,,,,,,,,,,
DRFD,Desjardins RI Developed ex-USA ex-Canada Multifactor - Net-Zero Emissions Pathway ETF,Desjardins,Equity,0.25,2.59,Medium,CAD,,,,,,,,,,,,,,,,,,,,,,,,
ZWG,BMO Global High Dividend Covered Call ETF,BMO,Equity,0.25,6.12,Medium,CAD,,,,,,,,,,,,,,,,,,,,,,,,
XIG,iShares U.S. IG Corporate Bond Index ETF (CAD-Hedged),iShares,Fixed Income,0.25,4.29,Medium,CAD,,,,,,,,,,,,,,,,,,,,,,,,
DRMU,Desjardins RI USA - Net-Zero Emissions Pathway ETF,Desjardins,Equity,0.25,0.86,Medium,CAD,,,,,,,,,,,,,,,,,,,,,,,,
DXUS,Dynamic Active U.S. Equity ETF,Dynamic,Equity,0.25,0.0,Medium,CAD,,,,,,,,,,,,,,,,,,,,,,,,
DLR,Global X US Dollar Currency ETF,Global X,Equity,0.25,3.33,Medium,CAD,,,,,,,,,,,,,,,,,,,,,,,,
FCVH,Fidelity U.S. Value Currency Neutral ETF,Fidelity,Equity,0.25,0.98,Medium,CAD,,,,,,,,,,,,,,,,,,,,,,,,
ZLI,BMO Low Volatility International Equity Fund,BMO,Equity,0.25,2.14,Medium,CAD,,,,,,,,,,,,,,,,,,,,,,,,
TBNK,TD Canadian Bank Dividend Index ETF,TD,Equity,0.25,2.74,Medium,CAD,,,,,,,,,,,,,,,,,,,,,,,,
ZJG,BMO Junior Gold Index ETF,BMO,Equity,0.25,0.09,Medium,CAD,,,,,,,,,,,,,,,,,,,,,,,,
ZEO,BMO Equal Weight Oil & Gas Index ETF,BMO,Equity,0.25,2.83,Medium,CAD,,,,,,,,,,,,,,,,,,,,,,,,
DLR.U,Global X US Dollar Currency ETF,Global X,Equity,0.25,3.33,Medium,CAD,,,,,,,,,,,,,,,,,,,,,,,,
CDAY,Hamilton Enhanced Canadian Equity Daymax ETF,Hamilton,Equity,0.25,10.27,Medium,CAD,,,,,,,,,,,,,,,,,,,,,,,,
RDBH,RBC U.S. Discount Bond (CAD Hedged) ETF,RBC,Fixed Income,0.25,1.71,Medium,CAD,,,,,,,,,,,,,,,,,,,,,,,,
SLVU,BetaPro Silver 2x Daily Bull ETF,BetaPro,Equity,0.25,0.0,Medium,CAD,,,,,,,,,,,,,,,,,,,,,,,,
RTA,Purpose Tactical Asset Allocation Fund,Purpose,Equity,0.25,10.35,Medium,CAD,,,,,,,,,,,,,,,,,,,,,,,,
XEH,iShares MSCI Europe IMI Index ETF (CAD-Hedged),iShares,Equity,0.25,2.43,Medium,CAD,,,,,,,,,,,,,,,,,,,,,,,,
GLDX,Global X Gold Producers Index ETF,Global X,Equity,0.25,0.8,Medium,CAD,,,,,,,,,,,,,,,,,,,,,,,,
VRE,Vanguard FTSE Canadian Capped REIT Index ETF,Vanguard,Equity,0.25,2.79,Medium,CAD,,,,,,,,,,,,,,,,,,,,,,,,
TBAL,TD Balanced ETF Portfolio,TD,Multi-Asset,0.25,2.44,Medium,CAD,,,,,,,,,,,,,,,,,,,,,,,,
CROP,Purpose Credit Opportunities Fund,Purpose,Equity,0.25,5.47,Medium,CAD,,,,,,,,,,,,,,,,,,,,,,,,
CGR,iShares Global Real Estate Index ETF,iShares,Equity,0.25,2.27,Medium,CAD,,,,,,,,,,,,,,,,,,,,,,,,
LIFE,Evolve Global Healthcare Enhanced Yield Fund,Evolve,Equity,0.25,12.01,Medium,CAD,,,,,,,,,,,,,,,,,,,,,,,,
CCDN,CI Canadian Equity Index ETF,CI,Equity,0.25,2.02,Medium,CAD,,,,,,,,,,,,,,,,,,,,,,,,
UMVP,Hamilton Champions Utilities Index ETF,Hamilton,Equity,0.25,0.37,Medium,CAD,,,,,,,,,,,,,,,,,,,,,,,,
MHYB,Mackenzie Global High Yield Fixed Income ETF,Mackenzie,Fixed Income,0.25,5.11,Medium,CAD,,,,,,,,,,,,,,,,,,,,,,,,
ZSDB,BMO Short-Term Discount Bond ETF,BMO,Fixed Income,0.25,1.26,Medium,CAD,,,,,,,,,,,,,,,,,,,,,,,,
MNU.U,Purpose USD Cash Management Fund,Purpose,Fixed Income,0.25,4.13,Medium,CAD,,,,,,,,,,,,,,,,,,,,,,,,
XDU,iShares Core MSCI US Quality Dividend Index ETF,iShares,Equity,0.25,2.28,Medium,CAD,,,,,,,,,,,,,,,,,,,,,,,,
CCOM,CI Auspice Broad Commodity Fund ETF (Hedged Series Units),CI,Equity,0.25,3.22,Medium,CAD,,,,,,,,,,,,,,,,,,,,,,,,
COW,iShares Global Agriculture Index ETF,iShares,Equity,0.25,2.0,Medium,CAD,,,,,,,,,,,,,,,,,,,,,,,,
FLCD,Franklin FTSE Canada All Cap Index ETF,Franklin,Equity,0.25,2.22,Medium,CAD,,,,,,,,,,,,,,,,,,,,,,,,
ZGLH,BMO Gold Bullion Fund,BMO,Equity,0.25,0.0,Medium,CAD,,,,,,,,,,,,,,,,,,,,,,,,
HEWB,Global X Equal Weight Canadian Banks Index Corporate Class ETF,Global X,Equity,0.25,0.0,Medium,CAD,,,,,,,,,,,,,,,,,,,,,,,,
VCIP,Vanguard Conservative Income ETF Portfolio,Vanguard,Multi-Asset,0.25,2.88,Medium,CAD,,,,,,,,,,,,,,,,,,,,,,,,
CUD,iShares US Dividend Growers Index ETF (CAD-Hedged),iShares,Equity,0.25,1.86,Medium,CAD,,,,,,,,,,,,,,,,,,,,,,,,
VA,Vanguard FTSE Developed Asia Pacific All Cap Index ETF,Vanguard,Equity,0.25,1.94,Medium,CAD,,,,,,,,,,,,,,,,,,,,,,,,
XRB,iShares Canadian Real Return Bond Index ETF,iShares,Fixed Income,0.25,2.43,Medium,CAD,,,,,,,,,,,,,,,,,,,,,,,,
PFL,Invesco Canadian Government Floating Rate Index ETF,Invesco,Equity,0.25,2.81,Medium,CAD,,,,,,,,,,,,,,,,,,,,,,,,
HPYM,Harvest Premium Yield 7-10 Year Treasury ETF,Harvest,Equity,0.25,9.07,Medium,CAD,,,,,,,,,,,,,,,,,,,,,,,,
FCUD,Fidelity U.S. High Dividend ETF,Fidelity,Equity,0.25,2.69,Medium,CAD,,,,,,,,,,,,,,,,,,,,,,,,
ZIU,BMO S&P/TSX 60 Index ETF,BMO,Equity,0.25,2.16,Medium,CAD,,,,,,,,,,,,,,,,,,,,,,,,
FGEP,Fidelity Global Equity+ Fund,Fidelity,Equity,0.25,0.0,Medium,CAD,,,,,,,,,,,,,,,,,,,,,,,,
GCTB,Guardian Ultra-Short Canadian T-Bill Fund,Guardian,Fixed Income,0.25,2.46,Medium,CAD,,,,,,,,,,,,,,,,,,,,,,,,
XCS,iShares S&P/TSX SmallCap Index ETF,iShares,Equity,0.25,1.15,Medium,CAD,,,,,,,,,,,,,,,,,,,,,,,,
SHLD,Global X Defence Tech Index ETF,Global X,Equity,0.25,0.15,Medium,CAD,,,,,,,,,,,,,,,,,,,,,,,,
CAPM,Capital Group Multi-Sector Income Select ETF (Canada),Capital Group,Equity,0.25,5.25,Medium,CAD,,,,,,,,,,,,,,,,,,,,,,,,
FCAM,Fidelity All-American Equity ETF,Fidelity,Equity,0.25,0.0,Medium,CAD,,,,,,,,,,,,,,,,,,,,,,,,
FLSA,Fidelity Long/Short Alternative Fund,Fidelity,Equity,0.25,0.0,Medium,CAD,,,,,,,,,,,,,,,,,,,,,,,,
VALT,CI Gold Bullion Fund,CI,Equity,0.25,0.0,Medium,CAD,,,,,,,,,,,,,,,,,,,,,,,,
FCUB,Fidelity Core U.S. Bond ETF,Fidelity,Fixed Income,0.25,3.92,Medium,CAD,,,,,,,,,,,,,,,,,,,,,,,,
USCL,Global X Enhanced S&P 500 Covered Call ETF,Global X,Equity,0.25,12.91,Medium,CAD,,,,,,,,,,,,,,,,,,,,,,,,
PABF,Purpose Active Balanced Fund,Purpose,Multi-Asset,0.25,3.97,Medium,CAD,,,,,,,,,,,,,,,,,,,,,,,,
CGXF,CI Gold+ Giants Covered Call ETF,CI,Equity,0.25,5.75,Medium,CAD,,,,,,,,,,,,,,,,,,,,,,,,
XPF,iShares S&P/TSX North American Preferred Stock Index ETF (CAD-Hedged),iShares,Fixed Income,0.25,5.1,Medium,CAD,,,,,,,,,,,,,,,,,,,,,,,,
HGY,Global X Gold Yield ETF,Global X,Equity,0.25,4.71,Medium,CAD,,,,,,,,,,,,,,,,,,,,,,,,
TSLY,Harvest Tesla Enhanced High Income Shares ETF,Harvest,Equity,0.25,41.62,Medium,CAD,,,,,,,,,,,,,,,,,,,,,,,,
FSB,CI Enhanced Short Duration Bond Fund,CI,Fixed Income,0.25,3.98,Medium,CAD,,,,,,,,,,,,,,,,,,,,,,,,
QCE,Mackenzie Canadian Large Cap Equity Index ETF,Mackenzie,Equity,0.25,2.18,Medium,CAD,,,,,,,,,,,,,,,,,,,,,,,,
FLVI,Franklin International Low Volatility High Dividend Index ETF,Franklin,Equity,0.25,2.29,Medium,CAD,,,,,,,,,,,,,,,,,,,,,,,,
ZFN,BMO SIA Focused North American Equity Fund,BMO,Equity,0.25,0.49,Medium,CAD,,,,,,,,,,,,,,,,,,,,,,,,
ZDH,BMO International Dividend Hedged to CAD ETF,BMO,Equity,0.25,2.84,Medium,CAD,,,,,,,,,,,,,,,,,,,,,,,,
XSAB,iShares ESG Aware Canadian Aggregate Bond Index ETF,iShares,Fixed Income,0.25,3.2,Medium,CAD,,,,,,,,,,,,,,,,,,,,,,,,
PXC,Invesco RAFI Canadian Index ETF,Invesco,Equity,0.25,2.35,Medium,CAD,,,,,,,,,,,,,,,,,,,,,,,,
XUSC,iShares S&P 500 3% Capped Index ETF,iShares,Equity,0.25,0.94,Medium,CAD,,,,,,,,,,,,,,,,,,,,,,,,
CBND,Manulife Smart Corporate Bond ETF,Manulife,Fixed Income,0.25,4.05,Medium,CAD,,,,,,,,,,,,,,,,,,,,,,,,
XHD,iShares U.S. High Dividend Equity Index ETF (CAD-Hedged),iShares,Equity,0.25,2.29,Medium,CAD,,,,,,,,,,,,,,,,,,,,,,,,
QMVP,Hamilton Champions U.S. Technology Index ETF,Hamilton,Equity,0.25,0.07,Medium,CAD,,,,,,,,,,,,,,,,,,,,,,,,
XHB,iShares Canadian HYBrid Corporate Bond Index ETF,iShares,Fixed Income,0.25,4.48,Medium,CAD,,,,,,,,,,,,,,,,,,,,,,,,
ZFH,BMO Floating Rate High Yield ETF,BMO,Equity,0.25,5.4,Medium,CAD,,,,,,,,,,,,,,,,,,,,,,,,
THE,TD International Equity CAD Hedged Index ETF,TD,Equity,0.25,2.46,Medium,CAD,,,,,,,,,,,,,,,,,,,,,,,,
PDF,Purpose Core Dividend Fund,Purpose,Equity,0.25,3.02,Medium,CAD,,,,,,,,,,,,,,,,,,,,,,,,
RUDH,RBC Quant U.S. Dividend Leaders (CAD Hedged) ETF,RBC,Equity,0.25,1.43,Medium,CAD,,,,,,,,,,,,,,,,,,,,,,,,
TBCG,TD Target 2027 Investment Grade Bond ETF,TD,Fixed Income,0.25,2.36,Medium,CAD,,,,,,,,,,,,,,,,,,,,,,,,
QDAY,Hamilton Enhanced Technology Daymax ETF,Hamilton,Equity,0.25,5.16,Medium,CAD,,,,,,,,,,,,,,,,,,,,,,,,
GGRO,iShares ESG Growth ETF Portfolio,iShares,Multi-Asset,0.25,1.48,Medium,CAD,,,,,,,,,,,,,,,,,,,,,,,,
JBND,JPMorgan US Bond Active ETF,JPMorgan,Fixed Income,0.25,1.31,Medium,CAD,,,,,,,,,,,,,,,,,,,,,,,,
HURA,Global X Uranium Index ETF,Global X,Equity,0.25,0.07,Medium,CAD,,,,,,,,,,,,,,,,,,,,,,,,
CIE,iShares International Fundamental Index ETF,iShares,Equity,0.25,2.34,Medium,CAD,,,,,,,,,,,,,,,,,,,,,,,,
CGDV.B,CI Global Minimum Downside Volatility Index Fund,CI,Equity,0.25,1.84,Medium,CAD,,,,,,,,,,,,,,,,,,,,,,,,
EVO,Evovest Global Equity Fund,Evovest,Equity,0.25,0.64,Medium,CAD,,,,,,,,,,,,,,,,,,,,,,,,
XQLT,iShares MSCI USA Quality Factor Index ETF,iShares,Equity,0.25,0.67,Medium,CAD,,,,,,,,,,,,,,,,,,,,,,,,
